"[116.280626, 39.863324, 5848]","[116.280626, 39.863324, 6330]","[116.280626, 39.863324, 5727]","[116.280626, 39.863324, 6736]","[116.280626, 39.863324, 7829]"
"[116.280626, 39.873324, 4525]","[116.280626, 39.873324, 4776]","[116.280626, 39.873324, 5402]","[116.280626, 39.873324, 4965]","[116.280626, 39.873324, 6159]"
"[116.280626, 39.883324, 5064]","[116.280626, 39.883324, 6124]","[116.280626, 39.883324, 5582]","[116.280626, 39.883324, 6412]","[116.280626, 39.883324, 6225]"
"[116.280626, 39.893324, 4938]","[116.280626, 39.893324, 5153]","[116.280626, 39.893324, 6268]","[116.280626, 39.893324, 6982]","[116.280626, 39.893324, 7047]"
"[116.280626, 39.903324, 4885]","[116.280626, 39.903324, 4637]","[116.280626, 39.903324, 4976]","[116.280626, 39.903324, 5099]","[116.280626, 39.903324, 5767]"
"[116.280626, 39.913324, 3503]","[116.280626, 39.913324, 3914]","[116.280626, 39.913324, 4141]","[116.280626, 39.913324, 4694]","[116.280626, 39.913324, 6062]"
"[116.280626, 39.923324, 4279]","[116.280626, 39.923324, 4415]","[116.280626, 39.923324, 4368]","[116.280626, 39.923324, 5798]","[116.280626, 39.923324, 5369]"
"[116.280626, 39.933324, 3767]","[116.280626, 39.933324, 5479]","[116.280626, 39.933324, 4771]","[116.280626, 39.933324, 5667]","[116.280626, 39.933324, 6211]"
"[116.280626, 39.943324, 3699]","[116.280626, 39.943324, 4704]","[116.280626, 39.943324, 4831]","[116.280626, 39.943324, 4849]","[116.280626, 39.943324, 5756]"
"[116.280626, 39.953324, 4481]","[116.280626, 39.953324, 4944]","[116.280626, 39.953324, 5113]","[116.280626, 39.953324, 4668]","[116.280626, 39.953324, 5381]"
"[116.280626, 39.963324, 5200]","[116.280626, 39.963324, 5855]","[116.280626, 39.963324, 6130]","[116.280626, 39.963324, 7341]","[116.280626, 39.963324, 7438]"
"[116.280626, 39.973324, 5034]","[116.280626, 39.973324, 4930]","[116.280626, 39.973324, 5187]","[116.280626, 39.973324, 6475]","[116.280626, 39.973324, 6113]"
"[116.280626, 39.983324, 6875]","[116.280626, 39.983324, 7281]","[116.280626, 39.983324, 7440]","[116.280626, 39.983324, 7910]","[116.280626, 39.983324, 9539]"
"[116.280626, 39.993324, 5981]","[116.280626, 39.993324, 5937]","[116.280626, 39.993324, 6620]","[116.280626, 39.993324, 6173]","[116.280626, 39.993324, 8245]"
"[116.280626, 40.003324, 5018]","[116.280626, 40.003324, 5613]","[116.280626, 40.003324, 5509]","[116.280626, 40.003324, 5967]","[116.280626, 40.003324, 6760]"
"[116.280626, 40.013324, 4239]","[116.280626, 40.013324, 4503]","[116.280626, 40.013324, 4730]","[116.280626, 40.013324, 5252]","[116.280626, 40.013324, 6579]"
"[116.280626, 40.023324, 4316]","[116.280626, 40.023324, 4580]","[116.280626, 40.023324, 4807]","[116.280626, 40.023324, 5323]","[116.280626, 40.023324, 6462]"
"[116.280626, 40.033324, 5313]","[116.280626, 40.033324, 5876]","[116.280626, 40.033324, 6520]","[116.280626, 40.033324, 6113]","[116.280626, 40.033324, 7098]"
"[116.280626, 40.043324, 4894]","[116.280626, 40.043324, 6038]","[116.280626, 40.043324, 6133]","[116.280626, 40.043324, 6766]","[116.280626, 40.043324, 7018]"
"[116.280626, 40.053324, 5774]","[116.280626, 40.053324, 5784]","[116.280626, 40.053324, 5928]","[116.280626, 40.053324, 6064]","[116.280626, 40.053324, 8593]"
"[116.290626, 39.863324, 4767]","[116.290626, 39.863324, 5625]","[116.290626, 39.863324, 5031]","[116.290626, 39.863324, 5195]","[116.290626, 39.863324, 7280]"
"[116.290626, 39.873324, 4874]","[116.290626, 39.873324, 5031]","[116.290626, 39.873324, 6096]","[116.290626, 39.873324, 5539]","[116.290626, 39.873324, 7575]"
"[116.290626, 39.883324, 4762]","[116.290626, 39.883324, 5998]","[116.290626, 39.883324, 5281]","[116.290626, 39.883324, 6084]","[116.290626, 39.883324, 6110]"
"[116.290626, 39.893324, 5790]","[116.290626, 39.893324, 6393]","[116.290626, 39.893324, 6485]","[116.290626, 39.893324, 6489]","[116.290626, 39.893324, 6824]"
"[116.290626, 39.903324, 4487]","[116.290626, 39.903324, 5044]","[116.290626, 39.903324, 5954]","[116.290626, 39.903324, 6117]","[116.290626, 39.903324, 6722]"
"[116.290626, 39.913324, 4038]","[116.290626, 39.913324, 3975]","[116.290626, 39.913324, 4386]","[116.290626, 39.913324, 5080]","[116.290626, 39.913324, 5947]"
"[116.290626, 39.923324, 4901]","[116.290626, 39.923324, 5695]","[116.290626, 39.923324, 5173]","[116.290626, 39.923324, 4978]","[116.290626, 39.923324, 5836]"
"[116.290626, 39.933324, 4152]","[116.290626, 39.933324, 4603]","[116.290626, 39.933324, 5254]","[116.290626, 39.933324, 5110]","[116.290626, 39.933324, 4870]"
"[116.290626, 39.943324, 4024]","[116.290626, 39.943324, 4677]","[116.290626, 39.943324, 4783]","[116.290626, 39.943324, 4958]","[116.290626, 39.943324, 5142]"
"[116.290626, 39.953324, 4431]","[116.290626, 39.953324, 4819]","[116.290626, 39.953324, 4918]","[116.290626, 39.953324, 4908]","[116.290626, 39.953324, 5487]"
"[116.290626, 39.963324, 4595]","[116.290626, 39.963324, 4285]","[116.290626, 39.963324, 4395]","[116.290626, 39.963324, 4684]","[116.290626, 39.963324, 6772]"
"[116.290626, 39.973324, 3998]","[116.290626, 39.973324, 3787]","[116.290626, 39.973324, 4186]","[116.290626, 39.973324, 4799]","[116.290626, 39.973324, 5645]"
"[116.290626, 39.983324, 4564]","[116.290626, 39.983324, 4357]","[116.290626, 39.983324, 4756]","[116.290626, 39.983324, 5276]","[116.290626, 39.983324, 6748]"
"[116.290626, 39.993324, 5174]","[116.290626, 39.993324, 6767]","[116.290626, 39.993324, 7280]","[116.290626, 39.993324, 7439]","[116.290626, 39.993324, 7892]"
"[116.290626, 40.003324, 4136]","[116.290626, 40.003324, 4400]","[116.290626, 40.003324, 4627]","[116.290626, 40.003324, 5143]","[116.290626, 40.003324, 7972]"
"[116.290626, 40.013324, 4500]","[116.290626, 40.013324, 4764]","[116.290626, 40.013324, 4991]","[116.290626, 40.013324, 6600]","[116.290626, 40.013324, 6012]"
"[116.290626, 40.023324, 4674]","[116.290626, 40.023324, 4942]","[116.290626, 40.023324, 5368]","[116.290626, 40.023324, 6243]","[116.290626, 40.023324, 5830]"
"[116.290626, 40.033324, 4837]","[116.290626, 40.033324, 5758]","[116.290626, 40.033324, 5923]","[116.290626, 40.033324, 6481]","[116.290626, 40.033324, 5942]"
"[116.290626, 40.043324, 7077]","[116.290626, 40.043324, 7520]","[116.290626, 40.043324, 7969]","[116.290626, 40.043324, 8179]","[116.290626, 40.043324, 8196]"
"[116.290626, 40.053324, 5678]","[116.290626, 40.053324, 5772]","[116.290626, 40.053324, 5794]","[116.290626, 40.053324, 5843]","[116.290626, 40.053324, 7614]"
"[116.300626, 39.863324, 4267]","[116.300626, 39.863324, 4517]","[116.300626, 39.863324, 4518]","[116.300626, 39.863324, 5521]","[116.300626, 39.863324, 6587]"
"[116.300626, 39.873324, 4053]","[116.300626, 39.873324, 4303]","[116.300626, 39.873324, 4304]","[116.300626, 39.873324, 5309]","[116.300626, 39.873324, 7088]"
"[116.300626, 39.883324, 4469]","[116.300626, 39.883324, 4720]","[116.300626, 39.883324, 5343]","[116.300626, 39.883324, 5968]","[116.300626, 39.883324, 5665]"
"[116.300626, 39.893324, 5050]","[116.300626, 39.893324, 5908]","[116.300626, 39.893324, 5965]","[116.300626, 39.893324, 6459]","[116.300626, 39.893324, 6776]"
"[116.300626, 39.903324, 4164]","[116.300626, 39.903324, 4145]","[116.300626, 39.903324, 4317]","[116.300626, 39.903324, 5265]","[116.300626, 39.903324, 6386]"
"[116.300626, 39.913324, 3280]","[116.300626, 39.913324, 3690]","[116.300626, 39.913324, 3923]","[116.300626, 39.913324, 4471]","[116.300626, 39.913324, 5790]"
"[116.300626, 39.923324, 4128]","[116.300626, 39.923324, 4621]","[116.300626, 39.923324, 4270]","[116.300626, 39.923324, 4403]","[116.300626, 39.923324, 5693]"
"[116.300626, 39.933324, 3967]","[116.300626, 39.933324, 4231]","[116.300626, 39.933324, 4711]","[116.300626, 39.933324, 5497]","[116.300626, 39.933324, 5111]"
"[116.300626, 39.943324, 3583]","[116.300626, 39.943324, 3847]","[116.300626, 39.943324, 4965]","[116.300626, 39.943324, 4703]","[116.300626, 39.943324, 4588]"
"[116.300626, 39.953324, 3775]","[116.300626, 39.953324, 4200]","[116.300626, 39.953324, 4218]","[116.300626, 39.953324, 3885]","[116.300626, 39.953324, 4174]"
"[116.300626, 39.963324, 4074]","[116.300626, 39.963324, 3764]","[116.300626, 39.963324, 3874]","[116.300626, 39.963324, 4163]","[116.300626, 39.963324, 6818]"
"[116.300626, 39.973324, 4334]","[116.300626, 39.973324, 4128]","[116.300626, 39.973324, 4527]","[116.300626, 39.973324, 5043]","[116.300626, 39.973324, 7158]"
"[116.300626, 39.983324, 5479]","[116.300626, 39.983324, 5267]","[116.300626, 39.983324, 5666]","[116.300626, 39.983324, 6733]","[116.300626, 39.983324, 6234]"
"[116.300626, 39.993324, 4345]","[116.300626, 39.993324, 5521]","[116.300626, 39.993324, 5396]","[116.300626, 39.993324, 5833]","[116.300626, 39.993324, 6767]"
"[116.300626, 40.003324, 3642]","[116.300626, 40.003324, 4252]","[116.300626, 40.003324, 4655]","[116.300626, 40.003324, 6673]","[116.300626, 40.003324, 7598]"
"[116.300626, 40.013324, 4651]","[116.300626, 40.013324, 5240]","[116.300626, 40.013324, 5142]","[116.300626, 40.013324, 5600]","[116.300626, 40.013324, 8293]"
"[116.300626, 40.023324, 5488]","[116.300626, 40.023324, 6206]","[116.300626, 40.023324, 6532]","[116.300626, 40.023324, 6233]","[116.300626, 40.023324, 6732]"
"[116.300626, 40.033324, 5269]","[116.300626, 40.033324, 5892]","[116.300626, 40.033324, 6170]","[116.300626, 40.033324, 6917]","[116.300626, 40.033324, 7439]"
"[116.300626, 40.043324, 6702]","[116.300626, 40.043324, 6750]","[116.300626, 40.043324, 6959]","[116.300626, 40.043324, 8150]","[116.300626, 40.043324, 7571]"
"[116.300626, 40.053324, 5341]","[116.300626, 40.053324, 4975]","[116.300626, 40.053324, 5628]","[116.300626, 40.053324, 5443]","[116.300626, 40.053324, 8273]"
"[116.310626, 39.863324, 4177]","[116.310626, 39.863324, 4318]","[116.310626, 39.863324, 4395]","[116.310626, 39.863324, 5851]","[116.310626, 39.863324, 6310]"
"[116.310626, 39.873324, 4152]","[116.310626, 39.873324, 4876]","[116.310626, 39.873324, 4533]","[116.310626, 39.873324, 5138]","[116.310626, 39.873324, 5775]"
"[116.310626, 39.883324, 4042]","[116.310626, 39.883324, 4075]","[116.310626, 39.883324, 4293]","[116.310626, 39.883324, 4919]","[116.310626, 39.883324, 5676]"
"[116.310626, 39.893324, 4580]","[116.310626, 39.893324, 5032]","[116.310626, 39.893324, 4802]","[116.310626, 39.893324, 5493]","[116.310626, 39.893324, 4831]"
"[116.310626, 39.903324, 3983]","[116.310626, 39.903324, 4045]","[116.310626, 39.903324, 4362]","[116.310626, 39.903324, 6280]","[116.310626, 39.903324, 6630]"
"[116.310626, 39.913324, 3735]","[116.310626, 39.913324, 4459]","[116.310626, 39.913324, 4340]","[116.310626, 39.913324, 5652]","[116.310626, 39.913324, 5809]"
"[116.310626, 39.923324, 4390]","[116.310626, 39.923324, 4420]","[116.310626, 39.923324, 4562]","[116.310626, 39.923324, 5724]","[116.310626, 39.923324, 5963]"
"[116.310626, 39.933324, 3839]","[116.310626, 39.933324, 4759]","[116.310626, 39.933324, 5488]","[116.310626, 39.933324, 5295]","[116.310626, 39.933324, 5386]"
"[116.310626, 39.943324, 3840]","[116.310626, 39.943324, 4051]","[116.310626, 39.943324, 4467]","[116.310626, 39.943324, 4307]","[116.310626, 39.943324, 5093]"
"[116.310626, 39.953324, 3760]","[116.310626, 39.953324, 3963]","[116.310626, 39.953324, 4155]","[116.310626, 39.953324, 4103]","[116.310626, 39.953324, 4610]"
"[116.310626, 39.963324, 3929]","[116.310626, 39.963324, 4498]","[116.310626, 39.963324, 5458]","[116.310626, 39.963324, 6241]","[116.310626, 39.963324, 6431]"
"[116.310626, 39.973324, 4458]","[116.310626, 39.973324, 4949]","[116.310626, 39.973324, 4550]","[116.310626, 39.973324, 5137]","[116.310626, 39.973324, 6224]"
"[116.310626, 39.983324, 3948]","[116.310626, 39.983324, 3739]","[116.310626, 39.983324, 4138]","[116.310626, 39.983324, 4666]","[116.310626, 39.983324, 7038]"
"[116.310626, 39.993324, 4558]","[116.310626, 39.993324, 4217]","[116.310626, 39.993324, 4963]","[116.310626, 39.993324, 5689]","[116.310626, 39.993324, 5107]"
"[116.310626, 40.003324, 3721]","[116.310626, 40.003324, 3987]","[116.310626, 40.003324, 4212]","[116.310626, 40.003324, 5750]","[116.310626, 40.003324, 5341]"
"[116.310626, 40.013324, 4444]","[116.310626, 40.013324, 5033]","[116.310626, 40.013324, 4935]","[116.310626, 40.013324, 5393]","[116.310626, 40.013324, 7506]"
"[116.310626, 40.023324, 6431]","[116.310626, 40.023324, 6794]","[116.310626, 40.023324, 6541]","[116.310626, 40.023324, 6814]","[116.310626, 40.023324, 8479]"
"[116.310626, 40.033324, 5808]","[116.310626, 40.033324, 5767]","[116.310626, 40.033324, 5746]","[116.310626, 40.033324, 5929]","[116.310626, 40.033324, 7024]"
"[116.310626, 40.043324, 5142]","[116.310626, 40.043324, 5481]","[116.310626, 40.043324, 5604]","[116.310626, 40.043324, 5994]","[116.310626, 40.043324, 6589]"
"[116.310626, 40.053324, 4240]","[116.310626, 40.053324, 4600]","[116.310626, 40.053324, 4336]","[116.310626, 40.053324, 4978]","[116.310626, 40.053324, 7029]"
"[116.320626, 39.863324, 4696]","[116.320626, 39.863324, 4748]","[116.320626, 39.863324, 4889]","[116.320626, 39.863324, 6103]","[116.320626, 39.863324, 6773]"
"[116.320626, 39.873324, 4333]","[116.320626, 39.873324, 4704]","[116.320626, 39.873324, 5551]","[116.320626, 39.873324, 5645]","[116.320626, 39.873324, 6445]"
"[116.320626, 39.883324, 4457]","[116.320626, 39.883324, 4785]","[116.320626, 39.883324, 5778]","[116.320626, 39.883324, 5922]","[116.320626, 39.883324, 6313]"
"[116.320626, 39.893324, 3824]","[116.320626, 39.893324, 4123]","[116.320626, 39.893324, 4331]","[116.320626, 39.893324, 4593]","[116.320626, 39.893324, 5198]"
"[116.320626, 39.903324, 3895]","[116.320626, 39.903324, 3956]","[116.320626, 39.903324, 4113]","[116.320626, 39.903324, 4988]","[116.320626, 39.903324, 4996]"
"[116.320626, 39.913324, 3469]","[116.320626, 39.913324, 4094]","[116.320626, 39.913324, 4574]","[116.320626, 39.913324, 4313]","[116.320626, 39.913324, 5664]"
"[116.320626, 39.923324, 4337]","[116.320626, 39.923324, 5207]","[116.320626, 39.923324, 4216]","[116.320626, 39.923324, 4969]","[116.320626, 39.923324, 6052]"
"[116.320626, 39.933324, 3801]","[116.320626, 39.933324, 4065]","[116.320626, 39.933324, 4667]","[116.320626, 39.933324, 5214]","[116.320626, 39.933324, 4739]"
"[116.320626, 39.943324, 3424]","[116.320626, 39.943324, 4043]","[116.320626, 39.943324, 3566]","[116.320626, 39.943324, 3569]","[116.320626, 39.943324, 4507]"
"[116.320626, 39.953324, 3608]","[116.320626, 39.953324, 4558]","[116.320626, 39.953324, 5536]","[116.320626, 39.953324, 5544]","[116.320626, 39.953324, 5569]"
"[116.320626, 39.963324, 3400]","[116.320626, 39.963324, 3664]","[116.320626, 39.963324, 5279]","[116.320626, 39.963324, 6050]","[116.320626, 39.963324, 6248]"
"[116.320626, 39.973324, 3598]","[116.320626, 39.973324, 3862]","[116.320626, 39.973324, 4925]","[116.320626, 39.973324, 5785]","[116.320626, 39.973324, 5934]"
"[116.320626, 39.983324, 3454]","[116.320626, 39.983324, 3718]","[116.320626, 39.983324, 3815]","[116.320626, 39.983324, 4003]","[116.320626, 39.983324, 5381]"
"[116.320626, 39.993324, 3527]","[116.320626, 39.993324, 3791]","[116.320626, 39.993324, 4018]","[116.320626, 39.993324, 5704]","[116.320626, 39.993324, 5172]"
"[116.320626, 40.003324, 3621]","[116.320626, 40.003324, 4241]","[116.320626, 40.003324, 4369]","[116.320626, 40.003324, 5190]","[116.320626, 40.003324, 6506]"
"[116.320626, 40.013324, 5028]","[116.320626, 40.013324, 4486]","[116.320626, 40.013324, 5213]","[116.320626, 40.013324, 5684]","[116.320626, 40.013324, 7250]"
"[116.320626, 40.023324, 5900]","[116.320626, 40.023324, 6186]","[116.320626, 40.023324, 6030]","[116.320626, 40.023324, 6254]","[116.320626, 40.023324, 7852]"
"[116.320626, 40.033324, 5065]","[116.320626, 40.033324, 4456]","[116.320626, 40.033324, 5137]","[116.320626, 40.033324, 5577]","[116.320626, 40.033324, 6294]"
"[116.320626, 40.043324, 4541]","[116.320626, 40.043324, 4805]","[116.320626, 40.043324, 4829]","[116.320626, 40.043324, 5431]","[116.320626, 40.043324, 5827]"
"[116.320626, 40.053324, 5037]","[116.320626, 40.053324, 5366]","[116.320626, 40.053324, 5789]","[116.320626, 40.053324, 5993]","[116.320626, 40.053324, 6849]"
"[116.330626, 39.863324, 4184]","[116.330626, 39.863324, 4690]","[116.330626, 39.863324, 4416]","[116.330626, 39.863324, 5170]","[116.330626, 39.863324, 6559]"
"[116.330626, 39.873324, 5221]","[116.330626, 39.873324, 5709]","[116.330626, 39.873324, 5870]","[116.330626, 39.873324, 6398]","[116.330626, 39.873324, 5702]"
"[116.330626, 39.883324, 4332]","[116.330626, 39.883324, 4989]","[116.330626, 39.883324, 4544]","[116.330626, 39.883324, 6353]","[116.330626, 39.883324, 6493]"
"[116.330626, 39.893324, 4282]","[116.330626, 39.893324, 4593]","[116.330626, 39.893324, 5314]","[116.330626, 39.893324, 4854]","[116.330626, 39.893324, 6821]"
"[116.330626, 39.903324, 3684]","[116.330626, 39.903324, 3705]","[116.330626, 39.903324, 4389]","[116.330626, 39.903324, 4007]","[116.330626, 39.903324, 4775]"
"[116.330626, 39.913324, 3091]","[116.330626, 39.913324, 3502]","[116.330626, 39.913324, 3716]","[116.330626, 39.913324, 4282]","[116.330626, 39.913324, 5157]"
"[116.330626, 39.923324, 5232]","[116.330626, 39.923324, 4241]","[116.330626, 39.923324, 4676]","[116.330626, 39.923324, 4491]","[116.330626, 39.923324, 5788]"
"[116.330626, 39.933324, 3310]","[116.330626, 39.933324, 3574]","[116.330626, 39.933324, 3395]","[116.330626, 39.933324, 4063]","[116.330626, 39.933324, 4944]"
"[116.330626, 39.943324, 3319]","[116.330626, 39.943324, 3666]","[116.330626, 39.943324, 3414]","[116.330626, 39.943324, 4063]","[116.330626, 39.943324, 4009]"
"[116.330626, 39.953324, 2942]","[116.330626, 39.953324, 3210]","[116.330626, 39.953324, 3691]","[116.330626, 39.953324, 4322]","[116.330626, 39.953324, 3951]"
"[116.330626, 39.963324, 3212]","[116.330626, 39.963324, 3476]","[116.330626, 39.963324, 4225]","[116.330626, 39.963324, 5016]","[116.330626, 39.963324, 4512]"
"[116.330626, 39.973324, 2919]","[116.330626, 39.973324, 3183]","[116.330626, 39.973324, 3218]","[116.330626, 39.973324, 4880]","[116.330626, 39.973324, 4574]"
"[116.330626, 39.983324, 3705]","[116.330626, 39.983324, 3683]","[116.330626, 39.983324, 3893]","[116.330626, 39.983324, 4421]","[116.330626, 39.983324, 5702]"
"[116.330626, 39.993324, 3826]","[116.330626, 39.993324, 5103]","[116.330626, 39.993324, 5572]","[116.330626, 39.993324, 5510]","[116.330626, 39.993324, 6075]"
"[116.330626, 40.003324, 4250]","[116.330626, 40.003324, 4475]","[116.330626, 40.003324, 5665]","[116.330626, 40.003324, 6152]","[116.330626, 40.003324, 5866]"
"[116.330626, 40.013324, 5047]","[116.330626, 40.013324, 5245]","[116.330626, 40.013324, 4993]","[116.330626, 40.013324, 6540]","[116.330626, 40.013324, 6059]"
"[116.330626, 40.023324, 6827]","[116.330626, 40.023324, 6762]","[116.330626, 40.023324, 7109]","[116.330626, 40.023324, 7124]","[116.330626, 40.023324, 8486]"
"[116.330626, 40.033324, 4358]","[116.330626, 40.033324, 5006]","[116.330626, 40.033324, 4862]","[116.330626, 40.033324, 5115]","[116.330626, 40.033324, 6453]"
"[116.330626, 40.043324, 4515]","[116.330626, 40.043324, 5019]","[116.330626, 40.043324, 5673]","[116.330626, 40.043324, 5114]","[116.330626, 40.043324, 5106]"
"[116.330626, 40.053324, 4909]","[116.330626, 40.053324, 4989]","[116.330626, 40.053324, 5275]","[116.330626, 40.053324, 6127]","[116.330626, 40.053324, 6927]"
"[116.340626, 39.863324, 5826]","[116.340626, 39.863324, 5209]","[116.340626, 39.863324, 5859]","[116.340626, 39.863324, 5419]","[116.340626, 39.863324, 6707]"
"[116.340626, 39.873324, 5627]","[116.340626, 39.873324, 5960]","[116.340626, 39.873324, 6322]","[116.340626, 39.873324, 7308]","[116.340626, 39.873324, 7438]"
"[116.340626, 39.883324, 4689]","[116.340626, 39.883324, 5266]","[116.340626, 39.883324, 5350]","[116.340626, 39.883324, 4428]","[116.340626, 39.883324, 6302]"
"[116.340626, 39.893324, 3276]","[116.340626, 39.893324, 3861]","[116.340626, 39.893324, 3587]","[116.340626, 39.893324, 4337]","[116.340626, 39.893324, 6198]"
"[116.340626, 39.903324, 4000]","[116.340626, 39.903324, 4065]","[116.340626, 39.903324, 4017]","[116.340626, 39.903324, 4492]","[116.340626, 39.903324, 5605]"
"[116.340626, 39.913324, 3045]","[116.340626, 39.913324, 3452]","[116.340626, 39.913324, 3487]","[116.340626, 39.913324, 4146]","[116.340626, 39.913324, 4865]"
"[116.340626, 39.923324, 3798]","[116.340626, 39.923324, 3854]","[116.340626, 39.923324, 3597]","[116.340626, 39.923324, 4762]","[116.340626, 39.923324, 5336]"
"[116.340626, 39.933324, 3631]","[116.340626, 39.933324, 3892]","[116.340626, 39.933324, 3426]","[116.340626, 39.933324, 3903]","[116.340626, 39.933324, 4715]"
"[116.340626, 39.943324, 2635]","[116.340626, 39.943324, 2902]","[116.340626, 39.943324, 3365]","[116.340626, 39.943324, 3112]","[116.340626, 39.943324, 3198]"
"[116.340626, 39.953324, 3783]","[116.340626, 39.953324, 4026]","[116.340626, 39.953324, 4080]","[116.340626, 39.953324, 3845]","[116.340626, 39.953324, 5941]"
"[116.340626, 39.963324, 3739]","[116.340626, 39.963324, 3546]","[116.340626, 39.963324, 4205]","[116.340626, 39.963324, 3942]","[116.340626, 39.963324, 4064]"
"[116.340626, 39.973324, 3857]","[116.340626, 39.973324, 3595]","[116.340626, 39.973324, 3645]","[116.340626, 39.973324, 4450]","[116.340626, 39.973324, 5447]"
"[116.340626, 39.983324, 3322]","[116.340626, 39.983324, 3550]","[116.340626, 39.983324, 3738]","[116.340626, 39.983324, 4266]","[116.340626, 39.983324, 5337]"
"[116.340626, 39.993324, 3796]","[116.340626, 39.993324, 4926]","[116.340626, 39.993324, 5759]","[116.340626, 39.993324, 5123]","[116.340626, 39.993324, 5502]"
"[116.340626, 40.003324, 3911]","[116.340626, 40.003324, 4664]","[116.340626, 40.003324, 5038]","[116.340626, 40.003324, 4459]","[116.340626, 40.003324, 5210]"
"[116.340626, 40.013324, 4554]","[116.340626, 40.013324, 4633]","[116.340626, 40.013324, 4620]","[116.340626, 40.013324, 5773]","[116.340626, 40.013324, 5208]"
"[116.340626, 40.023324, 5338]","[116.340626, 40.023324, 5412]","[116.340626, 40.023324, 5908]","[116.340626, 40.023324, 6982]","[116.340626, 40.023324, 7655]"
"[116.340626, 40.033324, 5278]","[116.340626, 40.033324, 5225]","[116.340626, 40.033324, 5713]","[116.340626, 40.033324, 5958]","[116.340626, 40.033324, 6351]"
"[116.340626, 40.043324, 4869]","[116.340626, 40.043324, 4886]","[116.340626, 40.043324, 5387]","[116.340626, 40.043324, 5506]","[116.340626, 40.043324, 5542]"
"[116.340626, 40.053324, 4642]","[116.340626, 40.053324, 4720]","[116.340626, 40.053324, 4738]","[116.340626, 40.053324, 5244]","[116.340626, 40.053324, 5208]"
"[116.350626, 39.863324, 6108]","[116.350626, 39.863324, 6671]","[116.350626, 39.863324, 6651]","[116.350626, 39.863324, 6691]","[116.350626, 39.863324, 5819]"
"[116.350626, 39.873324, 4876]","[116.350626, 39.873324, 6285]","[116.350626, 39.873324, 6027]","[116.350626, 39.873324, 6471]","[116.350626, 39.873324, 6672]"
"[116.350626, 39.883324, 4347]","[116.350626, 39.883324, 5680]","[116.350626, 39.883324, 5363]","[116.350626, 39.883324, 5729]","[116.350626, 39.883324, 4821]"
"[116.350626, 39.893324, 4044]","[116.350626, 39.893324, 4974]","[116.350626, 39.893324, 3877]","[116.350626, 39.893324, 4463]","[116.350626, 39.893324, 4462]"
"[116.350626, 39.903324, 3390]","[116.350626, 39.903324, 3825]","[116.350626, 39.903324, 3705]","[116.350626, 39.903324, 3846]","[116.350626, 39.903324, 5659]"
"[116.350626, 39.913324, 3292]","[116.350626, 39.913324, 3957]","[116.350626, 39.913324, 4169]","[116.350626, 39.913324, 4016]","[116.350626, 39.913324, 5252]"
"[116.350626, 39.923324, 3639]","[116.350626, 39.923324, 3745]","[116.350626, 39.923324, 4724]","[116.350626, 39.923324, 4378]","[116.350626, 39.923324, 5113]"
"[116.350626, 39.933324, 3039]","[116.350626, 39.933324, 3307]","[116.350626, 39.933324, 3633]","[116.350626, 39.933324, 3761]","[116.350626, 39.933324, 4515]"
"[116.350626, 39.943324, 2797]","[116.350626, 39.943324, 3466]","[116.350626, 39.943324, 3538]","[116.350626, 39.943324, 3125]","[116.350626, 39.943324, 4566]"
"[116.350626, 39.953324, 3414]","[116.350626, 39.953324, 3632]","[116.350626, 39.953324, 3217]","[116.350626, 39.953324, 4205]","[116.350626, 39.953324, 4579]"
"[116.350626, 39.963324, 3761]","[116.350626, 39.963324, 4159]","[116.350626, 39.963324, 4010]","[116.350626, 39.963324, 4185]","[116.350626, 39.963324, 4035]"
"[116.350626, 39.973324, 2893]","[116.350626, 39.973324, 3157]","[116.350626, 39.973324, 4404]","[116.350626, 39.973324, 4144]","[116.350626, 39.973324, 5171]"
"[116.350626, 39.983324, 3197]","[116.350626, 39.983324, 3226]","[116.350626, 39.983324, 3385]","[116.350626, 39.983324, 3998]","[116.350626, 39.983324, 5339]"
"[116.350626, 39.993324, 4049]","[116.350626, 39.993324, 4658]","[116.350626, 39.993324, 5397]","[116.350626, 39.993324, 4972]","[116.350626, 39.993324, 5660]"
"[116.350626, 40.003324, 4256]","[116.350626, 40.003324, 4319]","[116.350626, 40.003324, 4233]","[116.350626, 40.003324, 4952]","[116.350626, 40.003324, 4854]"
"[116.350626, 40.013324, 4562]","[116.350626, 40.013324, 4464]","[116.350626, 40.013324, 4587]","[116.350626, 40.013324, 5457]","[116.350626, 40.013324, 5486]"
"[116.350626, 40.023324, 5003]","[116.350626, 40.023324, 5140]","[116.350626, 40.023324, 5072]","[116.350626, 40.023324, 6376]","[116.350626, 40.023324, 7136]"
"[116.350626, 40.033324, 4977]","[116.350626, 40.033324, 5555]","[116.350626, 40.033324, 5899]","[116.350626, 40.033324, 6354]","[116.350626, 40.033324, 6725]"
"[116.350626, 40.043324, 4517]","[116.350626, 40.043324, 4437]","[116.350626, 40.043324, 5114]","[116.350626, 40.043324, 5413]","[116.350626, 40.043324, 5753]"
"[116.350626, 40.053324, 4191]","[116.350626, 40.053324, 4490]","[116.350626, 40.053324, 4401]","[116.350626, 40.053324, 4414]","[116.350626, 40.053324, 5177]"
"[116.360626, 39.863324, 4963]","[116.360626, 39.863324, 6006]","[116.360626, 39.863324, 5444]","[116.360626, 39.863324, 6589]","[116.360626, 39.863324, 5540]"
"[116.360626, 39.873324, 4417]","[116.360626, 39.873324, 5630]","[116.360626, 39.873324, 6048]","[116.360626, 39.873324, 6085]","[116.360626, 39.873324, 7386]"
"[116.360626, 39.883324, 3883]","[116.360626, 39.883324, 4527]","[116.360626, 39.883324, 4185]","[116.360626, 39.883324, 5485]","[116.360626, 39.883324, 5522]"
"[116.360626, 39.893324, 3904]","[116.360626, 39.893324, 3636]","[116.360626, 39.893324, 4168]","[116.360626, 39.893324, 4697]","[116.360626, 39.893324, 5835]"
"[116.360626, 39.903324, 3040]","[116.360626, 39.903324, 3396]","[116.360626, 39.903324, 4778]","[116.360626, 39.903324, 4452]","[116.360626, 39.903324, 4833]"
"[116.360626, 39.913324, 2983]","[116.360626, 39.913324, 3286]","[116.360626, 39.913324, 3475]","[116.360626, 39.913324, 4029]","[116.360626, 39.913324, 4084]"
"[116.360626, 39.923324, 3055]","[116.360626, 39.923324, 3322]","[116.360626, 39.923324, 3432]","[116.360626, 39.923324, 4364]","[116.360626, 39.923324, 4576]"
"[116.360626, 39.933324, 2920]","[116.360626, 39.933324, 2916]","[116.360626, 39.933324, 3181]","[116.360626, 39.933324, 3578]","[116.360626, 39.933324, 4388]"
"[116.360626, 39.943324, 2345]","[116.360626, 39.943324, 2609]","[116.360626, 39.943324, 2738]","[116.360626, 39.943324, 3325]","[116.360626, 39.943324, 4629]"
"[116.360626, 39.953324, 3016]","[116.360626, 39.953324, 2785]","[116.360626, 39.953324, 3049]","[116.360626, 39.953324, 3663]"
"[116.360626, 39.963324, 3301]","[116.360626, 39.963324, 3559]","[116.360626, 39.963324, 3399]","[116.360626, 39.963324, 4037]","[116.360626, 39.963324, 3714]"
"[116.360626, 39.973324, 3408]","[116.360626, 39.973324, 3829]","[116.360626, 39.973324, 4041]","[116.360626, 39.973324, 4217]","[116.360626, 39.973324, 5180]"
"[116.360626, 39.983324, 3115]","[116.360626, 39.983324, 3014]","[116.360626, 39.983324, 3303]","[116.360626, 39.983324, 3831]","[116.360626, 39.983324, 4964]"
"[116.360626, 39.993324, 4261]","[116.360626, 39.993324, 5025]","[116.360626, 39.993324, 4228]","[116.360626, 39.993324, 4472]","[116.360626, 39.993324, 4454]"
"[116.360626, 40.003324, 3980]","[116.360626, 40.003324, 4068]","[116.360626, 40.003324, 4050]","[116.360626, 40.003324, 4716]","[116.360626, 40.003324, 5501]"
"[116.360626, 40.013324, 4096]","[116.360626, 40.013324, 4192]","[116.360626, 40.013324, 4162]","[116.360626, 40.013324, 5375]","[116.360626, 40.013324, 4812]"
"[116.360626, 40.023324, 5132]","[116.360626, 40.023324, 5142]","[116.360626, 40.023324, 5214]","[116.360626, 40.023324, 5815]","[116.360626, 40.023324, 5265]"
"[116.360626, 40.033324, 4612]","[116.360626, 40.033324, 4635]","[116.360626, 40.033324, 5070]","[116.360626, 40.033324, 5520]","[116.360626, 40.033324, 5433]"
"[116.360626, 40.043324, 3749]","[116.360626, 40.043324, 4066]","[116.360626, 40.043324, 4245]","[116.360626, 40.043324, 4944]","[116.360626, 40.043324, 5150]"
"[116.360626, 40.053324, 3825]","[116.360626, 40.053324, 4142]","[116.360626, 40.053324, 4035]","[116.360626, 40.053324, 5020]","[116.360626, 40.053324, 5928]"
"[116.370626, 39.863324, 4147]","[116.370626, 39.863324, 4778]","[116.370626, 39.863324, 6132]","[116.370626, 39.863324, 6323]","[116.370626, 39.863324, 6930]"
"[116.370626, 39.873324, 4904]","[116.370626, 39.873324, 4484]","[116.370626, 39.873324, 4217]","[116.370626, 39.873324, 5161]","[116.370626, 39.873324, 6893]"
"[116.370626, 39.883324, 3616]","[116.370626, 39.883324, 3509]","[116.370626, 39.883324, 4081]","[116.370626, 39.883324, 4529]","[116.370626, 39.883324, 6009]"
"[116.370626, 39.893324, 3767]","[116.370626, 39.893324, 4185]","[116.370626, 39.893324, 3992]","[116.370626, 39.893324, 3513]","[116.370626, 39.893324, 5348]"
"[116.370626, 39.903324, 2598]","[116.370626, 39.903324, 3033]","[116.370626, 39.903324, 4347]","[116.370626, 39.903324, 4283]","[116.370626, 39.903324, 4655]"
"[116.370626, 39.913324, 3091]","[116.370626, 39.913324, 3356]","[116.370626, 39.913324, 3103]","[116.370626, 39.913324, 3832]","[116.370626, 39.913324, 4336]"
"[116.370626, 39.923324, 3463]","[116.370626, 39.923324, 3728]","[116.370626, 39.923324, 4357]","[116.370626, 39.923324, 4003]","[116.370626, 39.923324, 4834]"
"[116.370626, 39.933324, 3363]","[116.370626, 39.933324, 3105]","[116.370626, 39.933324, 3370]","[116.370626, 39.933324, 4193]","[116.370626, 39.933324, 4674]"
"[116.370626, 39.943324, 2866]","[116.370626, 39.943324, 3352]","[116.370626, 39.943324, 3130]","[116.370626, 39.943324, 2844]","[116.370626, 39.943324, 4296]"
"[116.370626, 39.953324, 2839]","[116.370626, 39.953324, 3419]","[116.370626, 39.953324, 3476]","[116.370626, 39.953324, 3376]","[116.370626, 39.953324, 4161]"
"[116.370626, 39.963324, 4158]","[116.370626, 39.963324, 4742]","[116.370626, 39.963324, 4923]","[116.370626, 39.963324, 5162]","[116.370626, 39.963324, 4748]"
"[116.370626, 39.973324, 4342]","[116.370626, 39.973324, 3905]","[116.370626, 39.973324, 4393]","[116.370626, 39.973324, 5082]","[116.370626, 39.973324, 4575]"
"[116.370626, 39.983324, 4307]","[116.370626, 39.983324, 4013]","[116.370626, 39.983324, 4875]","[116.370626, 39.983324, 4196]","[116.370626, 39.983324, 5126]"
"[116.370626, 39.993324, 3847]","[116.370626, 39.993324, 5017]","[116.370626, 39.993324, 5259]","[116.370626, 39.993324, 5267]","[116.370626, 39.993324, 4878]"
"[116.370626, 40.003324, 4294]","[116.370626, 40.003324, 4211]","[116.370626, 40.003324, 5031]","[116.370626, 40.003324, 5132]","[116.370626, 40.003324, 5435]"
"[116.370626, 40.013324, 3973]","[116.370626, 40.013324, 4039]","[116.370626, 40.013324, 4327]","[116.370626, 40.013324, 4422]","[116.370626, 40.013324, 4693]"
"[116.370626, 40.023324, 4513]","[116.370626, 40.023324, 4985]","[116.370626, 40.023324, 4342]","[116.370626, 40.023324, 4828]","[116.370626, 40.023324, 4946]"
"[116.370626, 40.033324, 4356]","[116.370626, 40.033324, 4707]","[116.370626, 40.033324, 4761]","[116.370626, 40.033324, 5517]","[116.370626, 40.033324, 6713]"
"[116.370626, 40.043324, 4187]","[116.370626, 40.043324, 4683]","[116.370626, 40.043324, 5356]","[116.370626, 40.043324, 5983]","[116.370626, 40.043324, 6890]"
"[116.370626, 40.053324, 4872]","[116.370626, 40.053324, 5286]","[116.370626, 40.053324, 5082]","[116.370626, 40.053324, 5332]","[116.370626, 40.053324, 6464]"
"[116.380626, 39.863324, 3551]","[116.380626, 39.863324, 3863]","[116.380626, 39.863324, 4873]","[116.380626, 39.863324, 6148]","[116.380626, 39.863324, 6483]"
"[116.380626, 39.873324, 3379]","[116.380626, 39.873324, 3984]","[116.380626, 39.873324, 4166]","[116.380626, 39.873324, 5027]","[116.380626, 39.873324, 5678]"
"[116.380626, 39.883324, 2847]","[116.380626, 39.883324, 3520]","[116.380626, 39.883324, 4775]","[116.380626, 39.883324, 5183]","[116.380626, 39.883324, 5540]"
"[116.380626, 39.893324, 2783]","[116.380626, 39.893324, 3323]","[116.380626, 39.893324, 3456]","[116.380626, 39.893324, 3994]","[116.380626, 39.893324, 5668]"
"[116.380626, 39.903324, 2451]","[116.380626, 39.903324, 4064]","[116.380626, 39.903324, 4682]","[116.380626, 39.903324, 4265]","[116.380626, 39.903324, 4529]"
"[116.380626, 39.913324, 2549]","[116.380626, 39.913324, 3100]","[116.380626, 39.913324, 2623]","[116.380626, 39.913324, 3650]","[116.380626, 39.913324, 5294]"
"[116.380626, 39.923324, 2826]","[116.380626, 39.923324, 3090]","[116.380626, 39.923324, 3176]","[116.380626, 39.923324, 4202]","[116.380626, 39.923324, 4556]"
"[116.380626, 39.933324, 2943]","[116.380626, 39.933324, 3594]","[116.380626, 39.933324, 3782]","[116.380626, 39.933324, 3837]","[116.380626, 39.933324, 4045]"
"[116.380626, 39.943324, 3991]","[116.380626, 39.943324, 4010]","[116.380626, 39.943324, 4121]","[116.380626, 39.943324, 4061]","[116.380626, 39.943324, 4206]"
"[116.380626, 39.953324, 2747]","[116.380626, 39.953324, 3462]","[116.380626, 39.953324, 3440]","[116.380626, 39.953324, 3809]","[116.380626, 39.953324, 3941]"
"[116.380626, 39.963324, 4017]","[116.380626, 39.963324, 3519]","[116.380626, 39.963324, 4539]","[116.380626, 39.963324, 4760]","[116.380626, 39.963324, 3829]"
"[116.380626, 39.973324, 3956]","[116.380626, 39.973324, 3794]","[116.380626, 39.973324, 4600]","[116.380626, 39.973324, 4124]","[116.380626, 39.973324, 4757]"
"[116.380626, 39.983324, 3210]","[116.380626, 39.983324, 4043]","[116.380626, 39.983324, 3499]","[116.380626, 39.983324, 4520]","[116.380626, 39.983324, 4897]"
"[116.380626, 39.993324, 3416]","[116.380626, 39.993324, 4300]","[116.380626, 39.993324, 5016]","[116.380626, 39.993324, 4064]","[116.380626, 39.993324, 5288]"
"[116.380626, 40.003324, 3902]","[116.380626, 40.003324, 3968]","[116.380626, 40.003324, 4412]","[116.380626, 40.003324, 4449]","[116.380626, 40.003324, 4618]"
"[116.380626, 40.013324, 4474]","[116.380626, 40.013324, 4832]","[116.380626, 40.013324, 5034]","[116.380626, 40.013324, 5157]","[116.380626, 40.013324, 6045]"
"[116.380626, 40.023324, 3642]","[116.380626, 40.023324, 3962]","[116.380626, 40.023324, 4143]","[116.380626, 40.023324, 4819]","[116.380626, 40.023324, 6209]"
"[116.380626, 40.033324, 3752]","[116.380626, 40.033324, 4069]","[116.380626, 40.033324, 4276]","[116.380626, 40.033324, 4917]","[116.380626, 40.033324, 5950]"
"[116.380626, 40.043324, 4521]","[116.380626, 40.043324, 4859]","[116.380626, 40.043324, 4940]","[116.380626, 40.043324, 4992]","[116.380626, 40.043324, 6310]"
"[116.380626, 40.053324, 5088]","[116.380626, 40.053324, 4937]","[116.380626, 40.053324, 6889]","[116.380626, 40.053324, 7050]","[116.380626, 40.053324, 8284]"
"[116.390626, 39.863324, 4188]","[116.390626, 39.863324, 4182]","[116.390626, 39.863324, 4355]","[116.390626, 39.863324, 5732]","[116.390626, 39.863324, 5885]"
"[116.390626, 39.873324, 3358]","[116.390626, 39.873324, 4514]","[116.390626, 39.873324, 5008]","[116.390626, 39.873324, 5599]","[116.390626, 39.873324, 6247]"
"[116.390626, 39.883324, 3653]","[116.390626, 39.883324, 4188]","[116.390626, 39.883324, 4303]","[116.390626, 39.883324, 5102]","[116.390626, 39.883324, 5537]"
"[116.390626, 39.893324, 3181]","[116.390626, 39.893324, 3274]","[116.390626, 39.893324, 3306]","[116.390626, 39.893324, 3456]","[116.390626, 39.893324, 4686]"
"[116.390626, 39.903324, 2431]","[116.390626, 39.903324, 3948]","[116.390626, 39.903324, 4934]","[116.390626, 39.903324, 5098]","[116.390626, 39.903324, 6168]"
"[116.390626, 39.913324, 2925]","[116.390626, 39.913324, 3263]","[116.390626, 39.913324, 2837]","[116.390626, 39.913324, 4415]","[116.390626, 39.913324, 3938]"
"[116.390626, 39.923324, 3882]","[116.390626, 39.923324, 3679]","[116.390626, 39.923324, 3756]","[116.390626, 39.923324, 4637]","[116.390626, 39.923324, 4893]"
"[116.390626, 39.933324, 4501]","[116.390626, 39.933324, 4025]","[116.390626, 39.933324, 4343]","[116.390626, 39.933324, 4711]","[116.390626, 39.933324, 5172]"
"[116.390626, 39.943324, 2783]","[116.390626, 39.943324, 3461]","[116.390626, 39.943324, 3354]","[116.390626, 39.943324, 3794]","[116.390626, 39.943324, 3729]"
"[116.390626, 39.953324, 2599]","[116.390626, 39.953324, 2539]","[116.390626, 39.953324, 2856]","[116.390626, 39.953324, 3223]","[116.390626, 39.953324, 3350]"
"[116.390626, 39.963324, 3307]","[116.390626, 39.963324, 3996]","[116.390626, 39.963324, 3648]","[116.390626, 39.963324, 3699]","[116.390626, 39.963324, 3297]"
"[116.390626, 39.973324, 3662]","[116.390626, 39.973324, 3360]","[116.390626, 39.973324, 3515]","[116.390626, 39.973324, 4522]","[116.390626, 39.973324, 4765]"
"[116.390626, 39.983324, 2868]","[116.390626, 39.983324, 2767]","[116.390626, 39.983324, 3056]","[116.390626, 39.983324, 3584]","[116.390626, 39.983324, 3889]"
"[116.390626, 39.993324, 3249]","[116.390626, 39.993324, 3363]","[116.390626, 39.993324, 3603]","[116.390626, 39.993324, 4083]","[116.390626, 39.993324, 4171]"
"[116.390626, 40.003324, 4711]","[116.390626, 40.003324, 4229]","[116.390626, 40.003324, 4481]","[116.390626, 40.003324, 4979]","[116.390626, 40.003324, 4886]"
"[116.390626, 40.013324, 3937]","[116.390626, 40.013324, 4778]","[116.390626, 40.013324, 4761]","[116.390626, 40.013324, 5884]","[116.390626, 40.013324, 5430]"
"[116.390626, 40.023324, 4932]","[116.390626, 40.023324, 6150]","[116.390626, 40.023324, 5889]","[116.390626, 40.023324, 7064]","[116.390626, 40.023324, 6678]"
"[116.390626, 40.033324, 5849]","[116.390626, 40.033324, 6817]","[116.390626, 40.033324, 6292]","[116.390626, 40.033324, 6873]","[116.390626, 40.033324, 6866]"
"[116.390626, 40.043324, 5307]","[116.390626, 40.043324, 6248]","[116.390626, 40.043324, 6835]","[116.390626, 40.043324, 7159]","[116.390626, 40.043324, 7286]"
"[116.390626, 40.053324, 5179]","[116.390626, 40.053324, 5607]","[116.390626, 40.053324, 7130]","[116.390626, 40.053324, 7266]","[116.390626, 40.053324, 8528]"
"[116.400626, 39.863324, 4356]","[116.400626, 39.863324, 4441]","[116.400626, 39.863324, 5291]","[116.400626, 39.863324, 4148]","[116.400626, 39.863324, 4829]"
"[116.400626, 39.873324, 4183]","[116.400626, 39.873324, 3913]","[116.400626, 39.873324, 4014]","[116.400626, 39.873324, 4679]","[116.400626, 39.873324, 5661]"
"[116.400626, 39.883324, 4127]","[116.400626, 39.883324, 4630]","[116.400626, 39.883324, 5203]","[116.400626, 39.883324, 5617]","[116.400626, 39.883324, 5791]"
"[116.400626, 39.893324, 3543]","[116.400626, 39.893324, 3668]","[116.400626, 39.893324, 3704]","[116.400626, 39.893324, 3635]","[116.400626, 39.893324, 4865]"
"[116.400626, 39.903324, 2434]","[116.400626, 39.903324, 3919]","[116.400626, 39.903324, 3764]","[116.400626, 39.903324, 4244]","[116.400626, 39.903324, 4490]"
"[116.400626, 39.913324, 3327]","[116.400626, 39.913324, 3986]","[116.400626, 39.913324, 4708]","[116.400626, 39.913324, 4831]","[116.400626, 39.913324, 5020]"
"[116.400626, 39.923324, 3445]","[116.400626, 39.923324, 4105]","[116.400626, 39.923324, 4480]","[116.400626, 39.923324, 4071]","[116.400626, 39.923324, 4579]"
"[116.400626, 39.933324, 3523]","[116.400626, 39.933324, 3508]","[116.400626, 39.933324, 3898]","[116.400626, 39.933324, 3762]","[116.400626, 39.933324, 3914]"
"[116.400626, 39.943324, 2539]","[116.400626, 39.943324, 2856]","[116.400626, 39.943324, 3357]","[116.400626, 39.943324, 3554]","[116.400626, 39.943324, 3766]"
"[116.400626, 39.953324, 1917]","[116.400626, 39.953324, 2273]","[116.400626, 39.953324, 2234]","[116.400626, 39.953324, 2904]","[116.400626, 39.953324, 3021]"
"[116.400626, 39.963324, 2312]","[116.400626, 39.963324, 2768]","[116.400626, 39.963324, 2629]","[116.400626, 39.963324, 2708]","[116.400626, 39.963324, 3565]"
"[116.400626, 39.973324, 2878]","[116.400626, 39.973324, 2626]","[116.400626, 39.973324, 2834]","[116.400626, 39.973324, 2943]","[116.400626, 39.973324, 3439]"
"[116.400626, 39.983324, 2665]","[116.400626, 39.983324, 2630]","[116.400626, 39.983324, 3119]","[116.400626, 39.983324, 2853]","[116.400626, 39.983324, 3466]"
"[116.400626, 39.993324, 2882]","[116.400626, 39.993324, 3197]","[116.400626, 39.993324, 3366]","[116.400626, 39.993324, 4075]","[116.400626, 39.993324, 4185]"
"[116.400626, 40.003324, 3349]","[116.400626, 40.003324, 4665]","[116.400626, 40.003324, 4640]","[116.400626, 40.003324, 4914]","[116.400626, 40.003324, 4737]"
"[116.400626, 40.013324, 3329]","[116.400626, 40.013324, 3646]","[116.400626, 40.013324, 3838]","[116.400626, 40.013324, 4494]","[116.400626, 40.013324, 4903]"
"[116.400626, 40.023324, 4901]","[116.400626, 40.023324, 5016]","[116.400626, 40.023324, 5452]","[116.400626, 40.023324, 5625]","[116.400626, 40.023324, 5569]"
"[116.400626, 40.033324, 5091]","[116.400626, 40.033324, 5534]","[116.400626, 40.033324, 5526]","[116.400626, 40.033324, 5907]","[116.400626, 40.033324, 6220]"
"[116.400626, 40.043324, 4687]","[116.400626, 40.043324, 5232]","[116.400626, 40.043324, 5961]","[116.400626, 40.043324, 6309]","[116.400626, 40.043324, 6738]"
"[116.400626, 40.053324, 4899]","[116.400626, 40.053324, 5111]","[116.400626, 40.053324, 4698]","[116.400626, 40.053324, 5893]","[116.400626, 40.053324, 6386]"
"[116.410626, 39.863324, 3869]","[116.410626, 39.863324, 3962]","[116.410626, 39.863324, 4339]","[116.410626, 39.863324, 4016]","[116.410626, 39.863324, 5118]"
"[116.410626, 39.873324, 3907]","[116.410626, 39.873324, 3637]","[116.410626, 39.873324, 3999]","[116.410626, 39.873324, 4683]","[116.410626, 39.873324, 4403]"
"[116.410626, 39.883324, 4112]","[116.410626, 39.883324, 4417]","[116.410626, 39.883324, 5217]","[116.410626, 39.883324, 5029]","[116.410626, 39.883324, 5260]"
"[116.410626, 39.893324, 4385]","[116.410626, 39.893324, 3959]","[116.410626, 39.893324, 5243]","[116.410626, 39.893324, 5568]","[116.410626, 39.893324, 5714]"
"[116.410626, 39.903324, 2783]","[116.410626, 39.903324, 3700]","[116.410626, 39.903324, 3968]","[116.410626, 39.903324, 4281]","[116.410626, 39.903324, 4339]"
"[116.410626, 39.913324, 2464]","[116.410626, 39.913324, 3089]","[116.410626, 39.913324, 3565]","[116.410626, 39.913324, 4055]","[116.410626, 39.913324, 3825]"
"[116.410626, 39.923324, 3498]","[116.410626, 39.923324, 3438]","[116.410626, 39.923324, 4020]","[116.410626, 39.923324, 4122]","[116.410626, 39.923324, 4379]"
"[116.410626, 39.933324, 3300]","[116.410626, 39.933324, 3387]","[116.410626, 39.933324, 2962]","[116.410626, 39.933324, 3553]","[116.410626, 39.933324, 3835]"
"[116.410626, 39.943324, 2959]","[116.410626, 39.943324, 2715]","[116.410626, 39.943324, 2654]","[116.410626, 39.943324, 3117]","[116.410626, 39.943324, 3325]"
"[116.410626, 39.953324, 1722]","[116.410626, 39.953324, 2357]","[116.410626, 39.953324, 2040]","[116.410626, 39.953324, 2313]","[116.410626, 39.953324, 2710]"
"[116.410626, 39.963324, 2309]","[116.410626, 39.963324, 2773]","[116.410626, 39.963324, 2565]","[116.410626, 39.963324, 2439]","[116.410626, 39.963324, 3094]"
"[116.410626, 39.973324, 2834]","[116.410626, 39.973324, 3126]","[116.410626, 39.973324, 3521]","[116.410626, 39.973324, 3017]","[116.410626, 39.973324, 4060]"
"[116.410626, 39.983324, 2498]","[116.410626, 39.983324, 3066]","[116.410626, 39.983324, 3190]","[116.410626, 39.983324, 2686]","[116.410626, 39.983324, 3299]"
"[116.410626, 39.993324, 3158]","[116.410626, 39.993324, 3379]","[116.410626, 39.993324, 3250]","[116.410626, 39.993324, 3867]","[116.410626, 39.993324, 3828]"
"[116.410626, 40.003324, 3672]","[116.410626, 40.003324, 3958]","[116.410626, 40.003324, 4046]","[116.410626, 40.003324, 3734]","[116.410626, 40.003324, 3947]"
"[116.410626, 40.013324, 3690]","[116.410626, 40.013324, 4194]","[116.410626, 40.013324, 3725]","[116.410626, 40.013324, 3786]","[116.410626, 40.013324, 4425]"
"[116.410626, 40.023324, 4799]","[116.410626, 40.023324, 4994]","[116.410626, 40.023324, 4762]","[116.410626, 40.023324, 5368]","[116.410626, 40.023324, 5472]"
"[116.410626, 40.033324, 4232]","[116.410626, 40.033324, 4130]","[116.410626, 40.033324, 4851]","[116.410626, 40.033324, 5015]","[116.410626, 40.033324, 5555]"
"[116.410626, 40.043324, 3798]","[116.410626, 40.043324, 3886]","[116.410626, 40.043324, 4500]","[116.410626, 40.043324, 4054]","[116.410626, 40.043324, 5163]"
"[116.410626, 40.053324, 4035]","[116.410626, 40.053324, 4332]","[116.410626, 40.053324, 4364]","[116.410626, 40.053324, 3875]","[116.410626, 40.053324, 5348]"
"[116.420626, 39.863324, 3276]","[116.420626, 39.863324, 4053]","[116.420626, 39.863324, 4888]","[116.420626, 39.863324, 4700]","[116.420626, 39.863324, 5234]"
"[116.420626, 39.873324, 3496]","[116.420626, 39.873324, 3227]","[116.420626, 39.873324, 3589]","[116.420626, 39.873324, 3965]","[116.420626, 39.873324, 4591]"
"[116.420626, 39.883324, 4283]","[116.420626, 39.883324, 4664]","[116.420626, 39.883324, 4806]","[116.420626, 39.883324, 4267]","[116.420626, 39.883324, 4186]"
"[116.420626, 39.893324, 3435]","[116.420626, 39.893324, 3226]","[116.420626, 39.893324, 4349]","[116.420626, 39.893324, 4081]","[116.420626, 39.893324, 4662]"
"[116.420626, 39.903324, 2617]","[116.420626, 39.903324, 3038]","[116.420626, 39.903324, 3781]","[116.420626, 39.903324, 3534]","[116.420626, 39.903324, 3985]"
"[116.420626, 39.913324, 2670]","[116.420626, 39.913324, 2414]","[116.420626, 39.913324, 2573]","[116.420626, 39.913324, 3150]","[116.420626, 39.913324, 3998]"
"[116.420626, 39.923324, 2440]","[116.420626, 39.923324, 2339]","[116.420626, 39.923324, 3261]","[116.420626, 39.923324, 2848]","[116.420626, 39.923324, 3001]"
"[116.420626, 39.933324, 2143]","[116.420626, 39.933324, 2611]","[116.420626, 39.933324, 2570]","[116.420626, 39.933324, 2790]","[116.420626, 39.933324, 3046]"
"[116.420626, 39.943324, 2055]","[116.420626, 39.943324, 2313]","[116.420626, 39.943324, 2384]","[116.420626, 39.943324, 2728]","[116.420626, 39.943324, 2336]"
"[116.420626, 39.953324, 1859]","[116.420626, 39.953324, 1978]","[116.420626, 39.953324, 2152]","[116.420626, 39.953324, 1990]","[116.420626, 39.953324, 2647]"
"[116.420626, 39.963324, 2185]","[116.420626, 39.963324, 2088]","[116.420626, 39.963324, 2647]","[116.420626, 39.963324, 2791]","[116.420626, 39.963324, 2964]"
"[116.420626, 39.973324, 2476]","[116.420626, 39.973324, 2379]","[116.420626, 39.973324, 2957]","[116.420626, 39.973324, 3004]","[116.420626, 39.973324, 3228]"
"[116.420626, 39.983324, 2258]","[116.420626, 39.983324, 2157]","[116.420626, 39.983324, 2357]","[116.420626, 39.983324, 3059]","[116.420626, 39.983324, 3365]"
"[116.420626, 39.993324, 2678]","[116.420626, 39.993324, 2577]","[116.420626, 39.993324, 2777]","[116.420626, 39.993324, 3569]","[116.420626, 39.993324, 3394]"
"[116.420626, 40.003324, 3834]","[116.420626, 40.003324, 3782]","[116.420626, 40.003324, 3683]","[116.420626, 40.003324, 3863]","[116.420626, 40.003324, 4451]"
"[116.420626, 40.013324, 3141]","[116.420626, 40.013324, 3044]","[116.420626, 40.013324, 3233]","[116.420626, 40.013324, 4435]","[116.420626, 40.013324, 3849]"
"[116.420626, 40.023324, 3397]","[116.420626, 40.023324, 3296]","[116.420626, 40.023324, 4077]","[116.420626, 40.023324, 3651]","[116.420626, 40.023324, 4966]"
"[116.420626, 40.033324, 3147]","[116.420626, 40.033324, 3046]","[116.420626, 40.033324, 3246]","[116.420626, 40.033324, 3863]","[116.420626, 40.033324, 5182]"
"[116.420626, 40.043324, 3274]","[116.420626, 40.043324, 3173]","[116.420626, 40.043324, 3373]","[116.420626, 40.043324, 3990]","[116.420626, 40.043324, 5352]"
"[116.420626, 40.053324, 3194]","[116.420626, 40.053324, 3321]","[116.420626, 40.053324, 3093]","[116.420626, 40.053324, 3910]","[116.420626, 40.053324, 4915]"
"[116.430626, 39.863324, 3224]","[116.430626, 39.863324, 2950]","[116.430626, 39.863324, 3323]","[116.430626, 39.863324, 3785]","[116.430626, 39.863324, 4760]"
"[116.430626, 39.873324, 3101]","[116.430626, 39.873324, 2827]","[116.430626, 39.873324, 3200]","[116.430626, 39.873324, 3662]","[116.430626, 39.873324, 4312]"
"[116.430626, 39.883324, 3337]","[116.430626, 39.883324, 3063]","[116.430626, 39.883324, 3884]","[116.430626, 39.883324, 3813]","[116.430626, 39.883324, 4628]"
"[116.430626, 39.893324, 3443]","[116.430626, 39.893324, 3171]","[116.430626, 39.893324, 4482]","[116.430626, 39.893324, 3921]","[116.430626, 39.893324, 4684]"
"[116.430626, 39.903324, 2661]","[116.430626, 39.903324, 3083]","[116.430626, 39.903324, 3581]","[116.430626, 39.903324, 3579]","[116.430626, 39.903324, 4725]"
"[116.430626, 39.913324, 2076]","[116.430626, 39.913324, 3138]","[116.430626, 39.913324, 3388]","[116.430626, 39.913324, 3399]","[116.430626, 39.913324, 3812]"
"[116.430626, 39.923324, 2868]","[116.430626, 39.923324, 2569]","[116.430626, 39.923324, 3146]","[116.430626, 39.923324, 2781]","[116.430626, 39.923324, 3204]"
"[116.430626, 39.933324, 2793]","[116.430626, 39.933324, 2792]","[116.430626, 39.933324, 2745]","[116.430626, 39.933324, 2391]","[116.430626, 39.933324, 3626]"
"[116.430626, 39.943324, 2014]","[116.430626, 39.943324, 1915]","[116.430626, 39.943324, 1864]","[116.430626, 39.943324, 2054]","[116.430626, 39.943324, 2485]"
"[116.430626, 39.953324, 1185]"
"[116.430626, 39.963324, 1873]","[116.430626, 39.963324, 1817]","[116.430626, 39.963324, 2098]","[116.430626, 39.963324, 2092]","[116.430626, 39.963324, 3070]"
"[116.430626, 39.973324, 2258]","[116.430626, 39.973324, 2405]","[116.430626, 39.973324, 2576]","[116.430626, 39.973324, 2397]","[116.430626, 39.973324, 2753]"
"[116.430626, 39.983324, 2600]","[116.430626, 39.983324, 2533]","[116.430626, 39.983324, 2794]","[116.430626, 39.983324, 2551]","[116.430626, 39.983324, 2566]"
"[116.430626, 39.993324, 2703]","[116.430626, 39.993324, 2731]","[116.430626, 39.993324, 3008]","[116.430626, 39.993324, 3419]","[116.430626, 39.993324, 3208]"
"[116.430626, 40.003324, 3547]","[116.430626, 40.003324, 3482]","[116.430626, 40.003324, 3837]","[116.430626, 40.003324, 4124]","[116.430626, 40.003324, 4258]"
"[116.430626, 40.013324, 3281]","[116.430626, 40.013324, 3185]","[116.430626, 40.013324, 3369]","[116.430626, 40.013324, 3974]","[116.430626, 40.013324, 5211]"
"[116.430626, 40.023324, 4045]","[116.430626, 40.023324, 3957]","[116.430626, 40.023324, 5245]","[116.430626, 40.023324, 4300]","[116.430626, 40.023324, 4729]"
"[116.430626, 40.033324, 3224]","[116.430626, 40.033324, 3127]","[116.430626, 40.033324, 3316]","[116.430626, 40.033324, 3960]","[116.430626, 40.033324, 5372]"
"[116.430626, 40.043324, 3656]","[116.430626, 40.043324, 3862]","[116.430626, 40.043324, 4375]","[116.430626, 40.043324, 3609]","[116.430626, 40.043324, 5002]"
"[116.430626, 40.053324, 4129]","[116.430626, 40.053324, 4141]","[116.430626, 40.053324, 4273]","[116.430626, 40.053324, 3948]","[116.430626, 40.053324, 5442]"
"[116.440626, 39.863324, 4404]","[116.440626, 39.863324, 4451]","[116.440626, 39.863324, 4837]","[116.440626, 39.863324, 4106]","[116.440626, 39.863324, 5023]"
"[116.440626, 39.873324, 4157]","[116.440626, 39.873324, 3885]","[116.440626, 39.873324, 3611]","[116.440626, 39.873324, 4675]","[116.440626, 39.873324, 4361]"
"[116.440626, 39.883324, 4784]","[116.440626, 39.883324, 5411]","[116.440626, 39.883324, 5340]","[116.440626, 39.883324, 5751]","[116.440626, 39.883324, 5667]"
"[116.440626, 39.893324, 3970]","[116.440626, 39.893324, 3505]","[116.440626, 39.893324, 4305]","[116.440626, 39.893324, 4271]","[116.440626, 39.893324, 4913]"
"[116.440626, 39.903324, 3424]","[116.440626, 39.903324, 3095]","[116.440626, 39.903324, 3529]","[116.440626, 39.903324, 3294]","[116.440626, 39.903324, 3429]"
"[116.440626, 39.913324, 1757]","[116.440626, 39.913324, 2772]","[116.440626, 39.913324, 2932]","[116.440626, 39.913324, 3598]","[116.440626, 39.913324, 3889]"
"[116.440626, 39.923324, 2158]","[116.440626, 39.923324, 2408]"
"[116.440626, 39.933324, 1609]","[116.440626, 39.933324, 1689]"
"[116.440626, 39.943324, 2005]","[116.440626, 39.943324, 1762]","[116.440626, 39.943324, 1965]","[116.440626, 39.943324, 2068]","[116.440626, 39.943324, 2728]"

"[116.440626, 39.963324, 2084]","[116.440626, 39.963324, 1661]","[116.440626, 39.963324, 2261]","[116.440626, 39.963324, 2413]","[116.440626, 39.963324, 3286]"
"[116.440626, 39.973324, 2044]","[116.440626, 39.973324, 2778]","[116.440626, 39.973324, 2629]","[116.440626, 39.973324, 2845]","[116.440626, 39.973324, 3421]"
"[116.440626, 39.983324, 1957]","[116.440626, 39.983324, 2987]","[116.440626, 39.983324, 3279]","[116.440626, 39.983324, 3434]","[116.440626, 39.983324, 3860]"
"[116.440626, 39.993324, 2982]","[116.440626, 39.993324, 3688]","[116.440626, 39.993324, 3770]","[116.440626, 39.993324, 3287]","[116.440626, 39.993324, 4405]"
"[116.440626, 40.003324, 3428]","[116.440626, 40.003324, 3585]","[116.440626, 40.003324, 4022]","[116.440626, 40.003324, 3467]","[116.440626, 40.003324, 4303]"
"[116.440626, 40.013324, 3927]","[116.440626, 40.013324, 4141]","[116.440626, 40.013324, 4787]","[116.440626, 40.013324, 4739]","[116.440626, 40.013324, 5581]"
"[116.440626, 40.023324, 4970]","[116.440626, 40.023324, 5164]","[116.440626, 40.023324, 5201]","[116.440626, 40.023324, 5391]","[116.440626, 40.023324, 5841]"
"[116.440626, 40.033324, 4217]","[116.440626, 40.033324, 4523]","[116.440626, 40.033324, 4076]","[116.440626, 40.033324, 5129]","[116.440626, 40.033324, 5877]"
"[116.440626, 40.043324, 3607]","[116.440626, 40.043324, 4010]","[116.440626, 40.043324, 3612]","[116.440626, 40.043324, 3907]","[116.440626, 40.043324, 5731]"
"[116.440626, 40.053324, 2865]","[116.440626, 40.053324, 3621]","[116.440626, 40.053324, 5567]","[116.440626, 40.053324, 5790]","[116.440626, 40.053324, 6191]"
"[116.450626, 39.863324, 4514]","[116.450626, 39.863324, 4591]","[116.450626, 39.863324, 4244]","[116.450626, 39.863324, 4233]","[116.450626, 39.863324, 5097]"
"[116.450626, 39.873324, 3700]","[116.450626, 39.873324, 3426]","[116.450626, 39.873324, 4342]","[116.450626, 39.873324, 4168]","[116.450626, 39.873324, 4698]"
"[116.450626, 39.883324, 3705]","[116.450626, 39.883324, 4100]","[116.450626, 39.883324, 4410]","[116.450626, 39.883324, 5270]","[116.450626, 39.883324, 5630]"
"[116.450626, 39.893324, 3566]","[116.450626, 39.893324, 3798]","[116.450626, 39.893324, 3829]","[116.450626, 39.893324, 3775]","[116.450626, 39.893324, 4069]"
"[116.450626, 39.903324, 3443]","[116.450626, 39.903324, 3521]","[116.450626, 39.903324, 4196]","[116.450626, 39.903324, 3650]","[116.450626, 39.903324, 3972]"
"[116.450626, 39.913324, 2249]","[116.450626, 39.913324, 3178]","[116.450626, 39.913324, 3092]","[116.450626, 39.913324, 3490]","[116.450626, 39.913324, 3563]"
"[116.450626, 39.923324, 2795]","[116.450626, 39.923324, 2933]","[116.450626, 39.923324, 2984]","[116.450626, 39.923324, 2702]","[116.450626, 39.923324, 4975]"
"[116.450626, 39.933324, 2718]","[116.450626, 39.933324, 2311]","[116.450626, 39.933324, 2885]","[116.450626, 39.933324, 3211]","[116.450626, 39.933324, 2913]"
"[116.450626, 39.943324, 1928]","[116.450626, 39.943324, 1998]","[116.450626, 39.943324, 2345]","[116.450626, 39.943324, 2309]","[116.450626, 39.943324, 2944]"
"[116.450626, 39.953324, 2068]","[116.450626, 39.953324, 2158]","[116.450626, 39.953324, 2495]","[116.450626, 39.953324, 3261]"
"[116.450626, 39.963324, 2393]","[116.450626, 39.963324, 2474]","[116.450626, 39.963324, 2799]","[116.450626, 39.963324, 2943]","[116.450626, 39.963324, 2527]"
"[116.450626, 39.973324, 2999]","[116.450626, 39.973324, 3508]","[116.450626, 39.973324, 2960]","[116.450626, 39.973324, 3281]","[116.450626, 39.973324, 3832]"
"[116.450626, 39.983324, 2705]","[116.450626, 39.983324, 3542]","[116.450626, 39.983324, 3714]","[116.450626, 39.983324, 3591]","[116.450626, 39.983324, 3855]"
"[116.450626, 39.993324, 2642]","[116.450626, 39.993324, 3398]","[116.450626, 39.993324, 3989]","[116.450626, 39.993324, 4676]","[116.450626, 39.993324, 4472]"
"[116.450626, 40.003324, 3975]","[116.450626, 40.003324, 3443]","[116.450626, 40.003324, 4688]","[116.450626, 40.003324, 4899]","[116.450626, 40.003324, 6094]"
"[116.450626, 40.013324, 4827]","[116.450626, 40.013324, 4998]","[116.450626, 40.013324, 5594]","[116.450626, 40.013324, 5784]","[116.450626, 40.013324, 5610]"
"[116.450626, 40.023324, 4654]","[116.450626, 40.023324, 4703]","[116.450626, 40.023324, 4949]","[116.450626, 40.023324, 5145]","[116.450626, 40.023324, 5574]"
"[116.450626, 40.033324, 5455]","[116.450626, 40.033324, 5119]","[116.450626, 40.033324, 5410]","[116.450626, 40.033324, 5509]","[116.450626, 40.033324, 6158]"
"[116.450626, 40.043324, 4951]","[116.450626, 40.043324, 4961]","[116.450626, 40.043324, 5687]","[116.450626, 40.043324, 5789]","[116.450626, 40.043324, 6133]"
"[116.450626, 40.053324, 4149]","[116.450626, 40.053324, 3680]","[116.450626, 40.053324, 5479]","[116.450626, 40.053324, 5463]","[116.450626, 40.053324, 5624]"
